mode,set_size_bit,set_size,num_clients_per_server,max_weight,recommended_weight_scale_div
worst_overlap,1,2,1,8192,64
worst_overlap,1,2,1,1000000,8192
worst_overlap,1,2,1,8000000,65536
worst_overlap,1,2,2,8192,64
worst_overlap,1,2,2,1000000,8192
worst_overlap,1,2,2,8000000,65536
worst_overlap,1,2,3,8192,64
worst_overlap,1,2,3,1000000,8192
worst_overlap,1,2,3,8000000,65536
worst_overlap,1,2,4,8192,64
worst_overlap,1,2,4,1000000,8192
worst_overlap,1,2,4,8000000,65536
worst_overlap,1,2,5,8192,64
worst_overlap,1,2,5,1000000,8192
worst_overlap,1,2,5,8000000,65536
worst_overlap,1,2,6,8192,128
worst_overlap,1,2,6,1000000,16384
worst_overlap,1,2,6,8000000,131072
worst_overlap,1,2,7,8192,128
worst_overlap,1,2,7,1000000,16384
worst_overlap,1,2,7,8000000,131072
worst_overlap,1,2,8,8192,128
worst_overlap,1,2,8,1000000,16384
worst_overlap,1,2,8,8000000,131072
worst_overlap,1,2,9,8192,128
worst_overlap,1,2,9,1000000,16384
worst_overlap,1,2,9,8000000,131072
worst_overlap,1,2,10,8192,128
worst_overlap,1,2,10,1000000,16384
worst_overlap,1,2,10,8000000,131072
worst_overlap,1,2,11,8192,128
worst_overlap,1,2,11,1000000,16384
worst_overlap,1,2,11,8000000,131072
worst_overlap,1,2,12,8192,128
worst_overlap,1,2,12,1000000,16384
worst_overlap,1,2,12,8000000,131072
worst_overlap,1,2,13,8192,128
worst_overlap,1,2,13,1000000,16384
worst_overlap,1,2,13,8000000,131072
worst_overlap,1,2,14,8192,128
worst_overlap,1,2,14,1000000,16384
worst_overlap,1,2,14,8000000,131072
worst_overlap,1,2,15,8192,128
worst_overlap,1,2,15,1000000,16384
worst_overlap,1,2,15,8000000,131072
worst_overlap,1,2,16,8192,128
worst_overlap,1,2,16,1000000,16384
worst_overlap,1,2,16,8000000,131072
worst_overlap,1,2,17,8192,128
worst_overlap,1,2,17,1000000,16384
worst_overlap,1,2,17,8000000,131072
worst_overlap,1,2,18,8192,128
worst_overlap,1,2,18,1000000,16384
worst_overlap,1,2,18,8000000,131072
worst_overlap,1,2,19,8192,128
worst_overlap,1,2,19,1000000,16384
worst_overlap,1,2,19,8000000,131072
worst_overlap,1,2,20,8192,128
worst_overlap,1,2,20,1000000,16384
worst_overlap,1,2,20,8000000,131072
worst_overlap,2,4,1,8192,64
worst_overlap,2,4,1,1000000,8192
worst_overlap,2,4,1,8000000,65536
worst_overlap,2,4,2,8192,64
worst_overlap,2,4,2,1000000,8192
worst_overlap,2,4,2,8000000,65536
worst_overlap,2,4,3,8192,128
worst_overlap,2,4,3,1000000,16384
worst_overlap,2,4,3,8000000,131072
worst_overlap,2,4,4,8192,128
worst_overlap,2,4,4,1000000,16384
worst_overlap,2,4,4,8000000,131072
worst_overlap,2,4,5,8192,128
worst_overlap,2,4,5,1000000,16384
worst_overlap,2,4,5,8000000,131072
worst_overlap,2,4,6,8192,128
worst_overlap,2,4,6,1000000,16384
worst_overlap,2,4,6,8000000,131072
worst_overlap,2,4,7,8192,128
worst_overlap,2,4,7,1000000,16384
worst_overlap,2,4,7,8000000,131072
worst_overlap,2,4,8,8192,128
worst_overlap,2,4,8,1000000,16384
worst_overlap,2,4,8,8000000,131072
worst_overlap,2,4,9,8192,128
worst_overlap,2,4,9,1000000,16384
worst_overlap,2,4,9,8000000,131072
worst_overlap,2,4,10,8192,128
worst_overlap,2,4,10,1000000,16384
worst_overlap,2,4,10,8000000,131072
worst_overlap,2,4,11,8192,256
worst_overlap,2,4,11,1000000,16384
worst_overlap,2,4,11,8000000,131072
worst_overlap,2,4,12,8192,256
worst_overlap,2,4,12,1000000,32768
worst_overlap,2,4,12,8000000,262144
worst_overlap,2,4,13,8192,256
worst_overlap,2,4,13,1000000,32768
worst_overlap,2,4,13,8000000,262144
worst_overlap,2,4,14,8192,256
worst_overlap,2,4,14,1000000,32768
worst_overlap,2,4,14,8000000,262144
worst_overlap,2,4,15,8192,256
worst_overlap,2,4,15,1000000,32768
worst_overlap,2,4,15,8000000,262144
worst_overlap,2,4,16,8192,256
worst_overlap,2,4,16,1000000,32768
worst_overlap,2,4,16,8000000,262144
worst_overlap,2,4,17,8192,256
worst_overlap,2,4,17,1000000,32768
worst_overlap,2,4,17,8000000,262144
worst_overlap,2,4,18,8192,256
worst_overlap,2,4,18,1000000,32768
worst_overlap,2,4,18,8000000,262144
worst_overlap,2,4,19,8192,256
worst_overlap,2,4,19,1000000,32768
worst_overlap,2,4,19,8000000,262144
worst_overlap,2,4,20,8192,256
worst_overlap,2,4,20,1000000,32768
worst_overlap,2,4,20,8000000,262144
worst_overlap,3,8,1,8192,64
worst_overlap,3,8,1,1000000,8192
worst_overlap,3,8,1,8000000,65536
worst_overlap,3,8,2,8192,128
worst_overlap,3,8,2,1000000,16384
worst_overlap,3,8,2,8000000,131072
worst_overlap,3,8,3,8192,128
worst_overlap,3,8,3,1000000,16384
worst_overlap,3,8,3,8000000,131072
worst_overlap,3,8,4,8192,128
worst_overlap,3,8,4,1000000,16384
worst_overlap,3,8,4,8000000,131072
worst_overlap,3,8,5,8192,128
worst_overlap,3,8,5,1000000,16384
worst_overlap,3,8,5,8000000,131072
worst_overlap,3,8,6,8192,256
worst_overlap,3,8,6,1000000,32768
worst_overlap,3,8,6,8000000,262144
worst_overlap,3,8,7,8192,256
worst_overlap,3,8,7,1000000,32768
worst_overlap,3,8,7,8000000,262144
worst_overlap,3,8,8,8192,256
worst_overlap,3,8,8,1000000,32768
worst_overlap,3,8,8,8000000,262144
worst_overlap,3,8,9,8192,256
worst_overlap,3,8,9,1000000,32768
worst_overlap,3,8,9,8000000,262144
worst_overlap,3,8,10,8192,256
worst_overlap,3,8,10,1000000,32768
worst_overlap,3,8,10,8000000,262144
worst_overlap,3,8,11,8192,256
worst_overlap,3,8,11,1000000,32768
worst_overlap,3,8,11,8000000,262144
worst_overlap,3,8,12,8192,256
worst_overlap,3,8,12,1000000,32768
worst_overlap,3,8,12,8000000,262144
worst_overlap,3,8,13,8192,256
worst_overlap,3,8,13,1000000,32768
worst_overlap,3,8,13,8000000,262144
worst_overlap,3,8,14,8192,256
worst_overlap,3,8,14,1000000,32768
worst_overlap,3,8,14,8000000,262144
worst_overlap,3,8,15,8192,256
worst_overlap,3,8,15,1000000,32768
worst_overlap,3,8,15,8000000,262144
worst_overlap,3,8,16,8192,256
worst_overlap,3,8,16,1000000,32768
worst_overlap,3,8,16,8000000,262144
worst_overlap,3,8,17,8192,256
worst_overlap,3,8,17,1000000,32768
worst_overlap,3,8,17,8000000,262144
worst_overlap,3,8,18,8192,256
worst_overlap,3,8,18,1000000,32768
worst_overlap,3,8,18,8000000,262144
worst_overlap,3,8,19,8192,256
worst_overlap,3,8,19,1000000,32768
worst_overlap,3,8,19,8000000,262144
worst_overlap,3,8,20,8192,256
worst_overlap,3,8,20,1000000,32768
worst_overlap,3,8,20,8000000,262144
worst_overlap,4,16,1,8192,128
worst_overlap,4,16,1,1000000,16384
worst_overlap,4,16,1,8000000,131072
worst_overlap,4,16,2,8192,128
worst_overlap,4,16,2,1000000,16384
worst_overlap,4,16,2,8000000,131072
worst_overlap,4,16,3,8192,256
worst_overlap,4,16,3,1000000,32768
worst_overlap,4,16,3,8000000,262144
worst_overlap,4,16,4,8192,256
worst_overlap,4,16,4,1000000,32768
worst_overlap,4,16,4,8000000,262144
worst_overlap,4,16,5,8192,256
worst_overlap,4,16,5,1000000,32768
worst_overlap,4,16,5,8000000,262144
worst_overlap,4,16,6,8192,256
worst_overlap,4,16,6,1000000,32768
worst_overlap,4,16,6,8000000,262144
worst_overlap,4,16,7,8192,256
worst_overlap,4,16,7,1000000,32768
worst_overlap,4,16,7,8000000,262144
worst_overlap,4,16,8,8192,256
worst_overlap,4,16,8,1000000,32768
worst_overlap,4,16,8,8000000,262144
worst_overlap,4,16,9,8192,256
worst_overlap,4,16,9,1000000,32768
worst_overlap,4,16,9,8000000,262144
worst_overlap,4,16,10,8192,256
worst_overlap,4,16,10,1000000,32768
worst_overlap,4,16,10,8000000,262144
worst_overlap,4,16,11,8192,512
worst_overlap,4,16,11,1000000,32768
worst_overlap,4,16,11,8000000,262144
worst_overlap,4,16,12,8192,512
worst_overlap,4,16,12,1000000,65536
worst_overlap,4,16,12,8000000,524288
worst_overlap,4,16,13,8192,512
worst_overlap,4,16,13,1000000,65536
worst_overlap,4,16,13,8000000,524288
worst_overlap,4,16,14,8192,512
worst_overlap,4,16,14,1000000,65536
worst_overlap,4,16,14,8000000,524288
worst_overlap,4,16,15,8192,512
worst_overlap,4,16,15,1000000,65536
worst_overlap,4,16,15,8000000,524288
worst_overlap,4,16,16,8192,512
worst_overlap,4,16,16,1000000,65536
worst_overlap,4,16,16,8000000,524288
worst_overlap,4,16,17,8192,512
worst_overlap,4,16,17,1000000,65536
worst_overlap,4,16,17,8000000,524288
worst_overlap,4,16,18,8192,512
worst_overlap,4,16,18,1000000,65536
worst_overlap,4,16,18,8000000,524288
worst_overlap,4,16,19,8192,512
worst_overlap,4,16,19,1000000,65536
worst_overlap,4,16,19,8000000,524288
worst_overlap,4,16,20,8192,512
worst_overlap,4,16,20,1000000,65536
worst_overlap,4,16,20,8000000,524288
worst_overlap,5,32,1,8192,128
worst_overlap,5,32,1,1000000,16384
worst_overlap,5,32,1,8000000,131072
worst_overlap,5,32,2,8192,256
worst_overlap,5,32,2,1000000,32768
worst_overlap,5,32,2,8000000,262144
worst_overlap,5,32,3,8192,256
worst_overlap,5,32,3,1000000,32768
worst_overlap,5,32,3,8000000,262144
worst_overlap,5,32,4,8192,256
worst_overlap,5,32,4,1000000,32768
worst_overlap,5,32,4,8000000,262144
worst_overlap,5,32,5,8192,256
worst_overlap,5,32,5,1000000,32768
worst_overlap,5,32,5,8000000,262144
worst_overlap,5,32,6,8192,512
worst_overlap,5,32,6,1000000,65536
worst_overlap,5,32,6,8000000,524288
worst_overlap,5,32,7,8192,512
worst_overlap,5,32,7,1000000,65536
worst_overlap,5,32,7,8000000,524288
worst_overlap,5,32,8,8192,512
worst_overlap,5,32,8,1000000,65536
worst_overlap,5,32,8,8000000,524288
worst_overlap,5,32,9,8192,512
worst_overlap,5,32,9,1000000,65536
worst_overlap,5,32,9,8000000,524288
worst_overlap,5,32,10,8192,512
worst_overlap,5,32,10,1000000,65536
worst_overlap,5,32,10,8000000,524288
worst_overlap,5,32,11,8192,512
worst_overlap,5,32,11,1000000,65536
worst_overlap,5,32,11,8000000,524288
worst_overlap,5,32,12,8192,512
worst_overlap,5,32,12,1000000,65536
worst_overlap,5,32,12,8000000,524288
worst_overlap,5,32,13,8192,512
worst_overlap,5,32,13,1000000,65536
worst_overlap,5,32,13,8000000,524288
worst_overlap,5,32,14,8192,512
worst_overlap,5,32,14,1000000,65536
worst_overlap,5,32,14,8000000,524288
worst_overlap,5,32,15,8192,512
worst_overlap,5,32,15,1000000,65536
worst_overlap,5,32,15,8000000,524288
worst_overlap,5,32,16,8192,512
worst_overlap,5,32,16,1000000,65536
worst_overlap,5,32,16,8000000,524288
worst_overlap,5,32,17,8192,512
worst_overlap,5,32,17,1000000,65536
worst_overlap,5,32,17,8000000,524288
worst_overlap,5,32,18,8192,512
worst_overlap,5,32,18,1000000,65536
worst_overlap,5,32,18,8000000,524288
worst_overlap,5,32,19,8192,512
worst_overlap,5,32,19,1000000,65536
worst_overlap,5,32,19,8000000,524288
worst_overlap,5,32,20,8192,512
worst_overlap,5,32,20,1000000,65536
worst_overlap,5,32,20,8000000,524288
worst_overlap,6,64,1,8192,256
worst_overlap,6,64,1,1000000,32768
worst_overlap,6,64,1,8000000,262144
worst_overlap,6,64,2,8192,256
worst_overlap,6,64,2,1000000,32768
worst_overlap,6,64,2,8000000,262144
worst_overlap,6,64,3,8192,512
worst_overlap,6,64,3,1000000,65536
worst_overlap,6,64,3,8000000,524288
worst_overlap,6,64,4,8192,512
worst_overlap,6,64,4,1000000,65536
worst_overlap,6,64,4,8000000,524288
worst_overlap,6,64,5,8192,512
worst_overlap,6,64,5,1000000,65536
worst_overlap,6,64,5,8000000,524288
worst_overlap,6,64,6,8192,512
worst_overlap,6,64,6,1000000,65536
worst_overlap,6,64,6,8000000,524288
worst_overlap,6,64,7,8192,512
worst_overlap,6,64,7,1000000,65536
worst_overlap,6,64,7,8000000,524288
worst_overlap,6,64,8,8192,512
worst_overlap,6,64,8,1000000,65536
worst_overlap,6,64,8,8000000,524288
worst_overlap,6,64,9,8192,512
worst_overlap,6,64,9,1000000,65536
worst_overlap,6,64,9,8000000,524288
worst_overlap,6,64,10,8192,512
worst_overlap,6,64,10,1000000,65536
worst_overlap,6,64,10,8000000,524288
worst_overlap,6,64,11,8192,1024
worst_overlap,6,64,11,1000000,65536
worst_overlap,6,64,11,8000000,524288
worst_overlap,6,64,12,8192,1024
worst_overlap,6,64,12,1000000,131072
worst_overlap,6,64,12,8000000,1048576
worst_overlap,6,64,13,8192,1024
worst_overlap,6,64,13,1000000,131072
worst_overlap,6,64,13,8000000,1048576
worst_overlap,6,64,14,8192,1024
worst_overlap,6,64,14,1000000,131072
worst_overlap,6,64,14,8000000,1048576
worst_overlap,6,64,15,8192,1024
worst_overlap,6,64,15,1000000,131072
worst_overlap,6,64,15,8000000,1048576
worst_overlap,6,64,16,8192,1024
worst_overlap,6,64,16,1000000,131072
worst_overlap,6,64,16,8000000,1048576
worst_overlap,6,64,17,8192,1024
worst_overlap,6,64,17,1000000,131072
worst_overlap,6,64,17,8000000,1048576
worst_overlap,6,64,18,8192,1024
worst_overlap,6,64,18,1000000,131072
worst_overlap,6,64,18,8000000,1048576
worst_overlap,6,64,19,8192,1024
worst_overlap,6,64,19,1000000,131072
worst_overlap,6,64,19,8000000,1048576
worst_overlap,6,64,20,8192,1024
worst_overlap,6,64,20,1000000,131072
worst_overlap,6,64,20,8000000,1048576
worst_overlap,7,128,1,8192,256
worst_overlap,7,128,1,1000000,32768
worst_overlap,7,128,1,8000000,262144
worst_overlap,7,128,2,8192,512
worst_overlap,7,128,2,1000000,65536
worst_overlap,7,128,2,8000000,524288
worst_overlap,7,128,3,8192,512
worst_overlap,7,128,3,1000000,65536
worst_overlap,7,128,3,8000000,524288
worst_overlap,7,128,4,8192,512
worst_overlap,7,128,4,1000000,65536
worst_overlap,7,128,4,8000000,524288
worst_overlap,7,128,5,8192,512
worst_overlap,7,128,5,1000000,65536
worst_overlap,7,128,5,8000000,524288
worst_overlap,7,128,6,8192,1024
worst_overlap,7,128,6,1000000,131072
worst_overlap,7,128,6,8000000,1048576
worst_overlap,7,128,7,8192,1024
worst_overlap,7,128,7,1000000,131072
worst_overlap,7,128,7,8000000,1048576
worst_overlap,7,128,8,8192,1024
worst_overlap,7,128,8,1000000,131072
worst_overlap,7,128,8,8000000,1048576
worst_overlap,7,128,9,8192,1024
worst_overlap,7,128,9,1000000,131072
worst_overlap,7,128,9,8000000,1048576
worst_overlap,7,128,10,8192,1024
worst_overlap,7,128,10,1000000,131072
worst_overlap,7,128,10,8000000,1048576
worst_overlap,7,128,11,8192,1024
worst_overlap,7,128,11,1000000,131072
worst_overlap,7,128,11,8000000,1048576
worst_overlap,7,128,12,8192,1024
worst_overlap,7,128,12,1000000,131072
worst_overlap,7,128,12,8000000,1048576
worst_overlap,7,128,13,8192,1024
worst_overlap,7,128,13,1000000,131072
worst_overlap,7,128,13,8000000,1048576
worst_overlap,7,128,14,8192,1024
worst_overlap,7,128,14,1000000,131072
worst_overlap,7,128,14,8000000,1048576
worst_overlap,7,128,15,8192,1024
worst_overlap,7,128,15,1000000,131072
worst_overlap,7,128,15,8000000,1048576
worst_overlap,7,128,16,8192,1024
worst_overlap,7,128,16,1000000,131072
worst_overlap,7,128,16,8000000,1048576
worst_overlap,7,128,17,8192,1024
worst_overlap,7,128,17,1000000,131072
worst_overlap,7,128,17,8000000,1048576
worst_overlap,7,128,18,8192,1024
worst_overlap,7,128,18,1000000,131072
worst_overlap,7,128,18,8000000,1048576
worst_overlap,7,128,19,8192,1024
worst_overlap,7,128,19,1000000,131072
worst_overlap,7,128,19,8000000,1048576
worst_overlap,7,128,20,8192,1024
worst_overlap,7,128,20,1000000,131072
worst_overlap,7,128,20,8000000,1048576
worst_overlap,8,256,1,8192,512
worst_overlap,8,256,1,1000000,65536
worst_overlap,8,256,1,8000000,524288
worst_overlap,8,256,2,8192,512
worst_overlap,8,256,2,1000000,65536
worst_overlap,8,256,2,8000000,524288
worst_overlap,8,256,3,8192,1024
worst_overlap,8,256,3,1000000,131072
worst_overlap,8,256,3,8000000,1048576
worst_overlap,8,256,4,8192,1024
worst_overlap,8,256,4,1000000,131072
worst_overlap,8,256,4,8000000,1048576
worst_overlap,8,256,5,8192,1024
worst_overlap,8,256,5,1000000,131072
worst_overlap,8,256,5,8000000,1048576
worst_overlap,8,256,6,8192,1024
worst_overlap,8,256,6,1000000,131072
worst_overlap,8,256,6,8000000,1048576
worst_overlap,8,256,7,8192,1024
worst_overlap,8,256,7,1000000,131072
worst_overlap,8,256,7,8000000,1048576
worst_overlap,8,256,8,8192,1024
worst_overlap,8,256,8,1000000,131072
worst_overlap,8,256,8,8000000,1048576
worst_overlap,8,256,9,8192,1024
worst_overlap,8,256,9,1000000,131072
worst_overlap,8,256,9,8000000,1048576
worst_overlap,8,256,10,8192,1024
worst_overlap,8,256,10,1000000,131072
worst_overlap,8,256,10,8000000,1048576
worst_overlap,8,256,11,8192,2048
worst_overlap,8,256,11,1000000,131072
worst_overlap,8,256,11,8000000,1048576
worst_overlap,8,256,12,8192,2048
worst_overlap,8,256,12,1000000,262144
worst_overlap,8,256,12,8000000,2097152
worst_overlap,8,256,13,8192,2048
worst_overlap,8,256,13,1000000,262144
worst_overlap,8,256,13,8000000,2097152
worst_overlap,8,256,14,8192,2048
worst_overlap,8,256,14,1000000,262144
worst_overlap,8,256,14,8000000,2097152
worst_overlap,8,256,15,8192,2048
worst_overlap,8,256,15,1000000,262144
worst_overlap,8,256,15,8000000,2097152
worst_overlap,8,256,16,8192,2048
worst_overlap,8,256,16,1000000,262144
worst_overlap,8,256,16,8000000,2097152
worst_overlap,8,256,17,8192,2048
worst_overlap,8,256,17,1000000,262144
worst_overlap,8,256,17,8000000,2097152
worst_overlap,8,256,18,8192,2048
worst_overlap,8,256,18,1000000,262144
worst_overlap,8,256,18,8000000,2097152
worst_overlap,8,256,19,8192,2048
worst_overlap,8,256,19,1000000,262144
worst_overlap,8,256,19,8000000,2097152
worst_overlap,8,256,20,8192,2048
worst_overlap,8,256,20,1000000,262144
worst_overlap,8,256,20,8000000,2097152
worst_overlap,9,512,1,8192,512
worst_overlap,9,512,1,1000000,65536
worst_overlap,9,512,1,8000000,524288
worst_overlap,9,512,2,8192,1024
worst_overlap,9,512,2,1000000,131072
worst_overlap,9,512,2,8000000,1048576
worst_overlap,9,512,3,8192,1024
worst_overlap,9,512,3,1000000,131072
worst_overlap,9,512,3,8000000,1048576
worst_overlap,9,512,4,8192,1024
worst_overlap,9,512,4,1000000,131072
worst_overlap,9,512,4,8000000,1048576
worst_overlap,9,512,5,8192,1024
worst_overlap,9,512,5,1000000,131072
worst_overlap,9,512,5,8000000,1048576
worst_overlap,9,512,6,8192,2048
worst_overlap,9,512,6,1000000,262144
worst_overlap,9,512,6,8000000,2097152
worst_overlap,9,512,7,8192,2048
worst_overlap,9,512,7,1000000,262144
worst_overlap,9,512,7,8000000,2097152
worst_overlap,9,512,8,8192,2048
worst_overlap,9,512,8,1000000,262144
worst_overlap,9,512,8,8000000,2097152
worst_overlap,9,512,9,8192,2048
worst_overlap,9,512,9,1000000,262144
worst_overlap,9,512,9,8000000,2097152
worst_overlap,9,512,10,8192,2048
worst_overlap,9,512,10,1000000,262144
worst_overlap,9,512,10,8000000,2097152
worst_overlap,9,512,11,8192,2048
worst_overlap,9,512,11,1000000,262144
worst_overlap,9,512,11,8000000,2097152
worst_overlap,9,512,12,8192,2048
worst_overlap,9,512,12,1000000,262144
worst_overlap,9,512,12,8000000,2097152
worst_overlap,9,512,13,8192,2048
worst_overlap,9,512,13,1000000,262144
worst_overlap,9,512,13,8000000,2097152
worst_overlap,9,512,14,8192,2048
worst_overlap,9,512,14,1000000,262144
worst_overlap,9,512,14,8000000,2097152
worst_overlap,9,512,15,8192,2048
worst_overlap,9,512,15,1000000,262144
worst_overlap,9,512,15,8000000,2097152
worst_overlap,9,512,16,8192,2048
worst_overlap,9,512,16,1000000,262144
worst_overlap,9,512,16,8000000,2097152
worst_overlap,9,512,17,8192,2048
worst_overlap,9,512,17,1000000,262144
worst_overlap,9,512,17,8000000,2097152
worst_overlap,9,512,18,8192,2048
worst_overlap,9,512,18,1000000,262144
worst_overlap,9,512,18,8000000,2097152
worst_overlap,9,512,19,8192,2048
worst_overlap,9,512,19,1000000,262144
worst_overlap,9,512,19,8000000,2097152
worst_overlap,9,512,20,8192,2048
worst_overlap,9,512,20,1000000,262144
worst_overlap,9,512,20,8000000,2097152
worst_overlap,10,1024,1,8192,1024
worst_overlap,10,1024,1,1000000,131072
worst_overlap,10,1024,1,8000000,1048576
worst_overlap,10,1024,2,8192,1024
worst_overlap,10,1024,2,1000000,131072
worst_overlap,10,1024,2,8000000,1048576
worst_overlap,10,1024,3,8192,2048
worst_overlap,10,1024,3,1000000,262144
worst_overlap,10,1024,3,8000000,2097152
worst_overlap,10,1024,4,8192,2048
worst_overlap,10,1024,4,1000000,262144
worst_overlap,10,1024,4,8000000,2097152
worst_overlap,10,1024,5,8192,2048
worst_overlap,10,1024,5,1000000,262144
worst_overlap,10,1024,5,8000000,2097152
worst_overlap,10,1024,6,8192,2048
worst_overlap,10,1024,6,1000000,262144
worst_overlap,10,1024,6,8000000,2097152
worst_overlap,10,1024,7,8192,2048
worst_overlap,10,1024,7,1000000,262144
worst_overlap,10,1024,7,8000000,2097152
worst_overlap,10,1024,8,8192,2048
worst_overlap,10,1024,8,1000000,262144
worst_overlap,10,1024,8,8000000,2097152
worst_overlap,10,1024,9,8192,2048
worst_overlap,10,1024,9,1000000,262144
worst_overlap,10,1024,9,8000000,2097152
worst_overlap,10,1024,10,8192,2048
worst_overlap,10,1024,10,1000000,262144
worst_overlap,10,1024,10,8000000,2097152
worst_overlap,10,1024,11,8192,4096
worst_overlap,10,1024,11,1000000,262144
worst_overlap,10,1024,11,8000000,2097152
worst_overlap,10,1024,12,8192,4096
worst_overlap,10,1024,12,1000000,524288
worst_overlap,10,1024,12,8000000,4194304
worst_overlap,10,1024,13,8192,4096
worst_overlap,10,1024,13,1000000,524288
worst_overlap,10,1024,13,8000000,4194304
worst_overlap,10,1024,14,8192,4096
worst_overlap,10,1024,14,1000000,524288
worst_overlap,10,1024,14,8000000,4194304
worst_overlap,10,1024,15,8192,4096
worst_overlap,10,1024,15,1000000,524288
worst_overlap,10,1024,15,8000000,4194304
worst_overlap,10,1024,16,8192,4096
worst_overlap,10,1024,16,1000000,524288
worst_overlap,10,1024,16,8000000,4194304
worst_overlap,10,1024,17,8192,4096
worst_overlap,10,1024,17,1000000,524288
worst_overlap,10,1024,17,8000000,4194304
worst_overlap,10,1024,18,8192,4096
worst_overlap,10,1024,18,1000000,524288
worst_overlap,10,1024,18,8000000,4194304
worst_overlap,10,1024,19,8192,4096
worst_overlap,10,1024,19,1000000,524288
worst_overlap,10,1024,19,8000000,4194304
worst_overlap,10,1024,20,8192,4096
worst_overlap,10,1024,20,1000000,524288
worst_overlap,10,1024,20,8000000,4194304
worst_overlap,11,2048,1,8192,1024
worst_overlap,11,2048,1,1000000,131072
worst_overlap,11,2048,1,8000000,1048576
worst_overlap,11,2048,2,8192,2048
worst_overlap,11,2048,2,1000000,262144
worst_overlap,11,2048,2,8000000,2097152
worst_overlap,11,2048,3,8192,2048
worst_overlap,11,2048,3,1000000,262144
worst_overlap,11,2048,3,8000000,2097152
worst_overlap,11,2048,4,8192,2048
worst_overlap,11,2048,4,1000000,262144
worst_overlap,11,2048,4,8000000,2097152
worst_overlap,11,2048,5,8192,2048
worst_overlap,11,2048,5,1000000,262144
worst_overlap,11,2048,5,8000000,2097152
worst_overlap,11,2048,6,8192,4096
worst_overlap,11,2048,6,1000000,524288
worst_overlap,11,2048,6,8000000,4194304
worst_overlap,11,2048,7,8192,4096
worst_overlap,11,2048,7,1000000,524288
worst_overlap,11,2048,7,8000000,4194304
worst_overlap,11,2048,8,8192,4096
worst_overlap,11,2048,8,1000000,524288
worst_overlap,11,2048,8,8000000,4194304
worst_overlap,11,2048,9,8192,4096
worst_overlap,11,2048,9,1000000,524288
worst_overlap,11,2048,9,8000000,4194304
worst_overlap,11,2048,10,8192,4096
worst_overlap,11,2048,10,1000000,524288
worst_overlap,11,2048,10,8000000,4194304
worst_overlap,11,2048,11,8192,4096
worst_overlap,11,2048,11,1000000,524288
worst_overlap,11,2048,11,8000000,4194304
worst_overlap,11,2048,12,8192,4096
worst_overlap,11,2048,12,1000000,524288
worst_overlap,11,2048,12,8000000,4194304
worst_overlap,11,2048,13,8192,4096
worst_overlap,11,2048,13,1000000,524288
worst_overlap,11,2048,13,8000000,4194304
worst_overlap,11,2048,14,8192,4096
worst_overlap,11,2048,14,1000000,524288
worst_overlap,11,2048,14,8000000,4194304
worst_overlap,11,2048,15,8192,4096
worst_overlap,11,2048,15,1000000,524288
worst_overlap,11,2048,15,8000000,4194304
worst_overlap,11,2048,16,8192,4096
worst_overlap,11,2048,16,1000000,524288
worst_overlap,11,2048,16,8000000,4194304
worst_overlap,11,2048,17,8192,4096
worst_overlap,11,2048,17,1000000,524288
worst_overlap,11,2048,17,8000000,4194304
worst_overlap,11,2048,18,8192,4096
worst_overlap,11,2048,18,1000000,524288
worst_overlap,11,2048,18,8000000,4194304
worst_overlap,11,2048,19,8192,4096
worst_overlap,11,2048,19,1000000,524288
worst_overlap,11,2048,19,8000000,4194304
worst_overlap,11,2048,20,8192,4096
worst_overlap,11,2048,20,1000000,524288
worst_overlap,11,2048,20,8000000,4194304
worst_overlap,12,4096,1,8192,2048
worst_overlap,12,4096,1,1000000,262144
worst_overlap,12,4096,1,8000000,2097152
worst_overlap,12,4096,2,8192,2048
worst_overlap,12,4096,2,1000000,262144
worst_overlap,12,4096,2,8000000,2097152
worst_overlap,12,4096,3,8192,4096
worst_overlap,12,4096,3,1000000,524288
worst_overlap,12,4096,3,8000000,4194304
worst_overlap,12,4096,4,8192,4096
worst_overlap,12,4096,4,1000000,524288
worst_overlap,12,4096,4,8000000,4194304
worst_overlap,12,4096,5,8192,4096
worst_overlap,12,4096,5,1000000,524288
worst_overlap,12,4096,5,8000000,4194304
worst_overlap,12,4096,6,8192,4096
worst_overlap,12,4096,6,1000000,524288
worst_overlap,12,4096,6,8000000,4194304
worst_overlap,12,4096,7,8192,4096
worst_overlap,12,4096,7,1000000,524288
worst_overlap,12,4096,7,8000000,4194304
worst_overlap,12,4096,8,8192,4096
worst_overlap,12,4096,8,1000000,524288
worst_overlap,12,4096,8,8000000,4194304
worst_overlap,12,4096,9,8192,4096
worst_overlap,12,4096,9,1000000,524288
worst_overlap,12,4096,9,8000000,4194304
worst_overlap,12,4096,10,8192,4096
worst_overlap,12,4096,10,1000000,524288
worst_overlap,12,4096,10,8000000,4194304
worst_overlap,12,4096,11,8192,8192
worst_overlap,12,4096,11,1000000,524288
worst_overlap,12,4096,11,8000000,4194304
worst_overlap,12,4096,12,8192,8192
worst_overlap,12,4096,12,1000000,1048576
worst_overlap,12,4096,12,8000000,8388608
worst_overlap,12,4096,13,8192,8192
worst_overlap,12,4096,13,1000000,1048576
worst_overlap,12,4096,13,8000000,8388608
worst_overlap,12,4096,14,8192,8192
worst_overlap,12,4096,14,1000000,1048576
worst_overlap,12,4096,14,8000000,8388608
worst_overlap,12,4096,15,8192,8192
worst_overlap,12,4096,15,1000000,1048576
worst_overlap,12,4096,15,8000000,8388608
worst_overlap,12,4096,16,8192,8192
worst_overlap,12,4096,16,1000000,1048576
worst_overlap,12,4096,16,8000000,8388608
worst_overlap,12,4096,17,8192,8192
worst_overlap,12,4096,17,1000000,1048576
worst_overlap,12,4096,17,8000000,8388608
worst_overlap,12,4096,18,8192,8192
worst_overlap,12,4096,18,1000000,1048576
worst_overlap,12,4096,18,8000000,8388608
worst_overlap,12,4096,19,8192,8192
worst_overlap,12,4096,19,1000000,1048576
worst_overlap,12,4096,19,8000000,8388608
worst_overlap,12,4096,20,8192,8192
worst_overlap,12,4096,20,1000000,1048576
worst_overlap,12,4096,20,8000000,8388608
worst_overlap,13,8192,1,8192,2048
worst_overlap,13,8192,1,1000000,262144
worst_overlap,13,8192,1,8000000,2097152
worst_overlap,13,8192,2,8192,4096
worst_overlap,13,8192,2,1000000,524288
worst_overlap,13,8192,2,8000000,4194304
worst_overlap,13,8192,3,8192,4096
worst_overlap,13,8192,3,1000000,524288
worst_overlap,13,8192,3,8000000,4194304
worst_overlap,13,8192,4,8192,4096
worst_overlap,13,8192,4,1000000,524288
worst_overlap,13,8192,4,8000000,4194304
worst_overlap,13,8192,5,8192,4096
worst_overlap,13,8192,5,1000000,524288
worst_overlap,13,8192,5,8000000,4194304
worst_overlap,13,8192,6,8192,8192
worst_overlap,13,8192,6,1000000,1048576
worst_overlap,13,8192,6,8000000,8388608
worst_overlap,13,8192,7,8192,8192
worst_overlap,13,8192,7,1000000,1048576
worst_overlap,13,8192,7,8000000,8388608
worst_overlap,13,8192,8,8192,8192
worst_overlap,13,8192,8,1000000,1048576
worst_overlap,13,8192,8,8000000,8388608
worst_overlap,13,8192,9,8192,8192
worst_overlap,13,8192,9,1000000,1048576
worst_overlap,13,8192,9,8000000,8388608
worst_overlap,13,8192,10,8192,8192
worst_overlap,13,8192,10,1000000,1048576
worst_overlap,13,8192,10,8000000,8388608
worst_overlap,13,8192,11,8192,8192
worst_overlap,13,8192,11,1000000,1048576
worst_overlap,13,8192,11,8000000,8388608
worst_overlap,13,8192,12,8192,8192
worst_overlap,13,8192,12,1000000,1048576
worst_overlap,13,8192,12,8000000,8388608
worst_overlap,13,8192,13,8192,8192
worst_overlap,13,8192,13,1000000,1048576
worst_overlap,13,8192,13,8000000,8388608
worst_overlap,13,8192,14,8192,8192
worst_overlap,13,8192,14,1000000,1048576
worst_overlap,13,8192,14,8000000,8388608
worst_overlap,13,8192,15,8192,8192
worst_overlap,13,8192,15,1000000,1048576
worst_overlap,13,8192,15,8000000,8388608
worst_overlap,13,8192,16,8192,8192
worst_overlap,13,8192,16,1000000,1048576
worst_overlap,13,8192,16,8000000,8388608
worst_overlap,13,8192,17,8192,8192
worst_overlap,13,8192,17,1000000,1048576
worst_overlap,13,8192,17,8000000,8388608
worst_overlap,13,8192,18,8192,8192
worst_overlap,13,8192,18,1000000,1048576
worst_overlap,13,8192,18,8000000,8388608
worst_overlap,13,8192,19,8192,8192
worst_overlap,13,8192,19,1000000,1048576
worst_overlap,13,8192,19,8000000,8388608
worst_overlap,13,8192,20,8192,8192
worst_overlap,13,8192,20,1000000,1048576
worst_overlap,13,8192,20,8000000,8388608
worst_overlap,14,16384,1,8192,4096
worst_overlap,14,16384,1,1000000,524288
worst_overlap,14,16384,1,8000000,4194304
worst_overlap,14,16384,2,8192,4096
worst_overlap,14,16384,2,1000000,524288
worst_overlap,14,16384,2,8000000,4194304
worst_overlap,14,16384,3,8192,8192
worst_overlap,14,16384,3,1000000,1048576
worst_overlap,14,16384,3,8000000,8388608
worst_overlap,14,16384,4,8192,8192
worst_overlap,14,16384,4,1000000,1048576
worst_overlap,14,16384,4,8000000,8388608
worst_overlap,14,16384,5,8192,8192
worst_overlap,14,16384,5,1000000,1048576
worst_overlap,14,16384,5,8000000,8388608
worst_overlap,14,16384,6,8192,8192
worst_overlap,14,16384,6,1000000,1048576
worst_overlap,14,16384,6,8000000,8388608
worst_overlap,14,16384,7,8192,8192
worst_overlap,14,16384,7,1000000,1048576
worst_overlap,14,16384,7,8000000,8388608
worst_overlap,14,16384,8,8192,8192
worst_overlap,14,16384,8,1000000,1048576
worst_overlap,14,16384,8,8000000,8388608
worst_overlap,14,16384,9,8192,8192
worst_overlap,14,16384,9,1000000,1048576
worst_overlap,14,16384,9,8000000,8388608
worst_overlap,14,16384,10,8192,8192
worst_overlap,14,16384,10,1000000,1048576
worst_overlap,14,16384,10,8000000,8388608
worst_overlap,14,16384,11,8192,16384
worst_overlap,14,16384,11,1000000,1048576
worst_overlap,14,16384,11,8000000,8388608
worst_overlap,14,16384,12,8192,16384
worst_overlap,14,16384,12,1000000,2097152
worst_overlap,14,16384,12,8000000,16777216
worst_overlap,14,16384,13,8192,16384
worst_overlap,14,16384,13,1000000,2097152
worst_overlap,14,16384,13,8000000,16777216
worst_overlap,14,16384,14,8192,16384
worst_overlap,14,16384,14,1000000,2097152
worst_overlap,14,16384,14,8000000,16777216
worst_overlap,14,16384,15,8192,16384
worst_overlap,14,16384,15,1000000,2097152
worst_overlap,14,16384,15,8000000,16777216
worst_overlap,14,16384,16,8192,16384
worst_overlap,14,16384,16,1000000,2097152
worst_overlap,14,16384,16,8000000,16777216
worst_overlap,14,16384,17,8192,16384
worst_overlap,14,16384,17,1000000,2097152
worst_overlap,14,16384,17,8000000,16777216
worst_overlap,14,16384,18,8192,16384
worst_overlap,14,16384,18,1000000,2097152
worst_overlap,14,16384,18,8000000,16777216
worst_overlap,14,16384,19,8192,16384
worst_overlap,14,16384,19,1000000,2097152
worst_overlap,14,16384,19,8000000,16777216
worst_overlap,14,16384,20,8192,16384
worst_overlap,14,16384,20,1000000,2097152
worst_overlap,14,16384,20,8000000,16777216
worst_overlap,15,32768,1,8192,4096
worst_overlap,15,32768,1,1000000,524288
worst_overlap,15,32768,1,8000000,4194304
worst_overlap,15,32768,2,8192,8192
worst_overlap,15,32768,2,1000000,1048576
worst_overlap,15,32768,2,8000000,8388608
worst_overlap,15,32768,3,8192,8192
worst_overlap,15,32768,3,1000000,1048576
worst_overlap,15,32768,3,8000000,8388608
worst_overlap,15,32768,4,8192,8192
worst_overlap,15,32768,4,1000000,1048576
worst_overlap,15,32768,4,8000000,8388608
worst_overlap,15,32768,5,8192,8192
worst_overlap,15,32768,5,1000000,1048576
worst_overlap,15,32768,5,8000000,8388608
worst_overlap,15,32768,6,8192,16384
worst_overlap,15,32768,6,1000000,2097152
worst_overlap,15,32768,6,8000000,16777216
worst_overlap,15,32768,7,8192,16384
worst_overlap,15,32768,7,1000000,2097152
worst_overlap,15,32768,7,8000000,16777216
worst_overlap,15,32768,8,8192,16384
worst_overlap,15,32768,8,1000000,2097152
worst_overlap,15,32768,8,8000000,16777216
worst_overlap,15,32768,9,8192,16384
worst_overlap,15,32768,9,1000000,2097152
worst_overlap,15,32768,9,8000000,16777216
worst_overlap,15,32768,10,8192,16384
worst_overlap,15,32768,10,1000000,2097152
worst_overlap,15,32768,10,8000000,16777216
worst_overlap,15,32768,11,8192,16384
worst_overlap,15,32768,11,1000000,2097152
worst_overlap,15,32768,11,8000000,16777216
worst_overlap,15,32768,12,8192,16384
worst_overlap,15,32768,12,1000000,2097152
worst_overlap,15,32768,12,8000000,16777216
worst_overlap,15,32768,13,8192,16384
worst_overlap,15,32768,13,1000000,2097152
worst_overlap,15,32768,13,8000000,16777216
worst_overlap,15,32768,14,8192,16384
worst_overlap,15,32768,14,1000000,2097152
worst_overlap,15,32768,14,8000000,16777216
worst_overlap,15,32768,15,8192,16384
worst_overlap,15,32768,15,1000000,2097152
worst_overlap,15,32768,15,8000000,16777216
worst_overlap,15,32768,16,8192,16384
worst_overlap,15,32768,16,1000000,2097152
worst_overlap,15,32768,16,8000000,16777216
worst_overlap,15,32768,17,8192,16384
worst_overlap,15,32768,17,1000000,2097152
worst_overlap,15,32768,17,8000000,16777216
worst_overlap,15,32768,18,8192,16384
worst_overlap,15,32768,18,1000000,2097152
worst_overlap,15,32768,18,8000000,16777216
worst_overlap,15,32768,19,8192,16384
worst_overlap,15,32768,19,1000000,2097152
worst_overlap,15,32768,19,8000000,16777216
worst_overlap,15,32768,20,8192,16384
worst_overlap,15,32768,20,1000000,2097152
worst_overlap,15,32768,20,8000000,16777216
worst_overlap,16,65536,1,8192,8192
worst_overlap,16,65536,1,1000000,1048576
worst_overlap,16,65536,1,8000000,8388608
worst_overlap,16,65536,2,8192,8192
worst_overlap,16,65536,2,1000000,1048576
worst_overlap,16,65536,2,8000000,8388608
worst_overlap,16,65536,3,8192,16384
worst_overlap,16,65536,3,1000000,2097152
worst_overlap,16,65536,3,8000000,16777216
worst_overlap,16,65536,4,8192,16384
worst_overlap,16,65536,4,1000000,2097152
worst_overlap,16,65536,4,8000000,16777216
worst_overlap,16,65536,5,8192,16384
worst_overlap,16,65536,5,1000000,2097152
worst_overlap,16,65536,5,8000000,16777216
worst_overlap,16,65536,6,8192,16384
worst_overlap,16,65536,6,1000000,2097152
worst_overlap,16,65536,6,8000000,16777216
worst_overlap,16,65536,7,8192,16384
worst_overlap,16,65536,7,1000000,2097152
worst_overlap,16,65536,7,8000000,16777216
worst_overlap,16,65536,8,8192,16384
worst_overlap,16,65536,8,1000000,2097152
worst_overlap,16,65536,8,8000000,16777216
worst_overlap,16,65536,9,8192,16384
worst_overlap,16,65536,9,1000000,2097152
worst_overlap,16,65536,9,8000000,16777216
worst_overlap,16,65536,10,8192,16384
worst_overlap,16,65536,10,1000000,2097152
worst_overlap,16,65536,10,8000000,16777216
worst_overlap,16,65536,11,8192,32768
worst_overlap,16,65536,11,1000000,2097152
worst_overlap,16,65536,11,8000000,16777216
worst_overlap,16,65536,12,8192,32768
worst_overlap,16,65536,12,1000000,4194304
worst_overlap,16,65536,12,8000000,33554432
worst_overlap,16,65536,13,8192,32768
worst_overlap,16,65536,13,1000000,4194304
worst_overlap,16,65536,13,8000000,33554432
worst_overlap,16,65536,14,8192,32768
worst_overlap,16,65536,14,1000000,4194304
worst_overlap,16,65536,14,8000000,33554432
worst_overlap,16,65536,15,8192,32768
worst_overlap,16,65536,15,1000000,4194304
worst_overlap,16,65536,15,8000000,33554432
worst_overlap,16,65536,16,8192,32768
worst_overlap,16,65536,16,1000000,4194304
worst_overlap,16,65536,16,8000000,33554432
worst_overlap,16,65536,17,8192,32768
worst_overlap,16,65536,17,1000000,4194304
worst_overlap,16,65536,17,8000000,33554432
worst_overlap,16,65536,18,8192,32768
worst_overlap,16,65536,18,1000000,4194304
worst_overlap,16,65536,18,8000000,33554432
worst_overlap,16,65536,19,8192,32768
worst_overlap,16,65536,19,1000000,4194304
worst_overlap,16,65536,19,8000000,33554432
worst_overlap,16,65536,20,8192,32768
worst_overlap,16,65536,20,1000000,4194304
worst_overlap,16,65536,20,8000000,33554432
worst_overlap,17,131072,1,8192,8192
worst_overlap,17,131072,1,1000000,1048576
worst_overlap,17,131072,1,8000000,8388608
worst_overlap,17,131072,2,8192,16384
worst_overlap,17,131072,2,1000000,2097152
worst_overlap,17,131072,2,8000000,16777216
worst_overlap,17,131072,3,8192,16384
worst_overlap,17,131072,3,1000000,2097152
worst_overlap,17,131072,3,8000000,16777216
worst_overlap,17,131072,4,8192,16384
worst_overlap,17,131072,4,1000000,2097152
worst_overlap,17,131072,4,8000000,16777216
worst_overlap,17,131072,5,8192,16384
worst_overlap,17,131072,5,1000000,2097152
worst_overlap,17,131072,5,8000000,16777216
worst_overlap,17,131072,6,8192,32768
worst_overlap,17,131072,6,1000000,4194304
worst_overlap,17,131072,6,8000000,33554432
worst_overlap,17,131072,7,8192,32768
worst_overlap,17,131072,7,1000000,4194304
worst_overlap,17,131072,7,8000000,33554432
worst_overlap,17,131072,8,8192,32768
worst_overlap,17,131072,8,1000000,4194304
worst_overlap,17,131072,8,8000000,33554432
worst_overlap,17,131072,9,8192,32768
worst_overlap,17,131072,9,1000000,4194304
worst_overlap,17,131072,9,8000000,33554432
worst_overlap,17,131072,10,8192,32768
worst_overlap,17,131072,10,1000000,4194304
worst_overlap,17,131072,10,8000000,33554432
worst_overlap,17,131072,11,8192,32768
worst_overlap,17,131072,11,1000000,4194304
worst_overlap,17,131072,11,8000000,33554432
worst_overlap,17,131072,12,8192,32768
worst_overlap,17,131072,12,1000000,4194304
worst_overlap,17,131072,12,8000000,33554432
worst_overlap,17,131072,13,8192,32768
worst_overlap,17,131072,13,1000000,4194304
worst_overlap,17,131072,13,8000000,33554432
worst_overlap,17,131072,14,8192,32768
worst_overlap,17,131072,14,1000000,4194304
worst_overlap,17,131072,14,8000000,33554432
worst_overlap,17,131072,15,8192,32768
worst_overlap,17,131072,15,1000000,4194304
worst_overlap,17,131072,15,8000000,33554432
worst_overlap,17,131072,16,8192,32768
worst_overlap,17,131072,16,1000000,4194304
worst_overlap,17,131072,16,8000000,33554432
worst_overlap,17,131072,17,8192,32768
worst_overlap,17,131072,17,1000000,4194304
worst_overlap,17,131072,17,8000000,33554432
worst_overlap,17,131072,18,8192,32768
worst_overlap,17,131072,18,1000000,4194304
worst_overlap,17,131072,18,8000000,33554432
worst_overlap,17,131072,19,8192,32768
worst_overlap,17,131072,19,1000000,4194304
worst_overlap,17,131072,19,8000000,33554432
worst_overlap,17,131072,20,8192,32768
worst_overlap,17,131072,20,1000000,4194304
worst_overlap,17,131072,20,8000000,33554432
worst_overlap,18,262144,1,8192,16384
worst_overlap,18,262144,1,1000000,2097152
worst_overlap,18,262144,1,8000000,16777216
worst_overlap,18,262144,2,8192,16384
worst_overlap,18,262144,2,1000000,2097152
worst_overlap,18,262144,2,8000000,16777216
worst_overlap,18,262144,3,8192,32768
worst_overlap,18,262144,3,1000000,4194304
worst_overlap,18,262144,3,8000000,33554432
worst_overlap,18,262144,4,8192,32768
worst_overlap,18,262144,4,1000000,4194304
worst_overlap,18,262144,4,8000000,33554432
worst_overlap,18,262144,5,8192,32768
worst_overlap,18,262144,5,1000000,4194304
worst_overlap,18,262144,5,8000000,33554432
worst_overlap,18,262144,6,8192,32768
worst_overlap,18,262144,6,1000000,4194304
worst_overlap,18,262144,6,8000000,33554432
worst_overlap,18,262144,7,8192,32768
worst_overlap,18,262144,7,1000000,4194304
worst_overlap,18,262144,7,8000000,33554432
worst_overlap,18,262144,8,8192,32768
worst_overlap,18,262144,8,1000000,4194304
worst_overlap,18,262144,8,8000000,33554432
worst_overlap,18,262144,9,8192,32768
worst_overlap,18,262144,9,1000000,4194304
worst_overlap,18,262144,9,8000000,33554432
worst_overlap,18,262144,10,8192,32768
worst_overlap,18,262144,10,1000000,4194304
worst_overlap,18,262144,10,8000000,33554432
worst_overlap,18,262144,11,8192,65536
worst_overlap,18,262144,11,1000000,4194304
worst_overlap,18,262144,11,8000000,33554432
worst_overlap,18,262144,12,8192,65536
worst_overlap,18,262144,12,1000000,8388608
worst_overlap,18,262144,12,8000000,67108864
worst_overlap,18,262144,13,8192,65536
worst_overlap,18,262144,13,1000000,8388608
worst_overlap,18,262144,13,8000000,67108864
worst_overlap,18,262144,14,8192,65536
worst_overlap,18,262144,14,1000000,8388608
worst_overlap,18,262144,14,8000000,67108864
worst_overlap,18,262144,15,8192,65536
worst_overlap,18,262144,15,1000000,8388608
worst_overlap,18,262144,15,8000000,67108864
worst_overlap,18,262144,16,8192,65536
worst_overlap,18,262144,16,1000000,8388608
worst_overlap,18,262144,16,8000000,67108864
worst_overlap,18,262144,17,8192,65536
worst_overlap,18,262144,17,1000000,8388608
worst_overlap,18,262144,17,8000000,67108864
worst_overlap,18,262144,18,8192,65536
worst_overlap,18,262144,18,1000000,8388608
worst_overlap,18,262144,18,8000000,67108864
worst_overlap,18,262144,19,8192,65536
worst_overlap,18,262144,19,1000000,8388608
worst_overlap,18,262144,19,8000000,67108864
worst_overlap,18,262144,20,8192,65536
worst_overlap,18,262144,20,1000000,8388608
worst_overlap,18,262144,20,8000000,67108864
worst_overlap,19,524288,1,8192,16384
worst_overlap,19,524288,1,1000000,2097152
worst_overlap,19,524288,1,8000000,16777216
worst_overlap,19,524288,2,8192,32768
worst_overlap,19,524288,2,1000000,4194304
worst_overlap,19,524288,2,8000000,33554432
worst_overlap,19,524288,3,8192,32768
worst_overlap,19,524288,3,1000000,4194304
worst_overlap,19,524288,3,8000000,33554432
worst_overlap,19,524288,4,8192,32768
worst_overlap,19,524288,4,1000000,4194304
worst_overlap,19,524288,4,8000000,33554432
worst_overlap,19,524288,5,8192,32768
worst_overlap,19,524288,5,1000000,4194304
worst_overlap,19,524288,5,8000000,33554432
worst_overlap,19,524288,6,8192,65536
worst_overlap,19,524288,6,1000000,8388608
worst_overlap,19,524288,6,8000000,67108864
worst_overlap,19,524288,7,8192,65536
worst_overlap,19,524288,7,1000000,8388608
worst_overlap,19,524288,7,8000000,67108864
worst_overlap,19,524288,8,8192,65536
worst_overlap,19,524288,8,1000000,8388608
worst_overlap,19,524288,8,8000000,67108864
worst_overlap,19,524288,9,8192,65536
worst_overlap,19,524288,9,1000000,8388608
worst_overlap,19,524288,9,8000000,67108864
worst_overlap,19,524288,10,8192,65536
worst_overlap,19,524288,10,1000000,8388608
worst_overlap,19,524288,10,8000000,67108864
worst_overlap,19,524288,11,8192,65536
worst_overlap,19,524288,11,1000000,8388608
worst_overlap,19,524288,11,8000000,67108864
worst_overlap,19,524288,12,8192,65536
worst_overlap,19,524288,12,1000000,8388608
worst_overlap,19,524288,12,8000000,67108864
worst_overlap,19,524288,13,8192,65536
worst_overlap,19,524288,13,1000000,8388608
worst_overlap,19,524288,13,8000000,67108864
worst_overlap,19,524288,14,8192,65536
worst_overlap,19,524288,14,1000000,8388608
worst_overlap,19,524288,14,8000000,67108864
worst_overlap,19,524288,15,8192,65536
worst_overlap,19,524288,15,1000000,8388608
worst_overlap,19,524288,15,8000000,67108864
worst_overlap,19,524288,16,8192,65536
worst_overlap,19,524288,16,1000000,8388608
worst_overlap,19,524288,16,8000000,67108864
worst_overlap,19,524288,17,8192,65536
worst_overlap,19,524288,17,1000000,8388608
worst_overlap,19,524288,17,8000000,67108864
worst_overlap,19,524288,18,8192,65536
worst_overlap,19,524288,18,1000000,8388608
worst_overlap,19,524288,18,8000000,67108864
worst_overlap,19,524288,19,8192,65536
worst_overlap,19,524288,19,1000000,8388608
worst_overlap,19,524288,19,8000000,67108864
worst_overlap,19,524288,20,8192,65536
worst_overlap,19,524288,20,1000000,8388608
worst_overlap,19,524288,20,8000000,67108864
worst_overlap,20,1048576,1,8192,32768
worst_overlap,20,1048576,1,1000000,4194304
worst_overlap,20,1048576,1,8000000,33554432
worst_overlap,20,1048576,2,8192,32768
worst_overlap,20,1048576,2,1000000,4194304
worst_overlap,20,1048576,2,8000000,33554432
worst_overlap,20,1048576,3,8192,65536
worst_overlap,20,1048576,3,1000000,8388608
worst_overlap,20,1048576,3,8000000,67108864
worst_overlap,20,1048576,4,8192,65536
worst_overlap,20,1048576,4,1000000,8388608
worst_overlap,20,1048576,4,8000000,67108864
worst_overlap,20,1048576,5,8192,65536
worst_overlap,20,1048576,5,1000000,8388608
worst_overlap,20,1048576,5,8000000,67108864
worst_overlap,20,1048576,6,8192,65536
worst_overlap,20,1048576,6,1000000,8388608
worst_overlap,20,1048576,6,8000000,67108864
worst_overlap,20,1048576,7,8192,65536
worst_overlap,20,1048576,7,1000000,8388608
worst_overlap,20,1048576,7,8000000,67108864
worst_overlap,20,1048576,8,8192,65536
worst_overlap,20,1048576,8,1000000,8388608
worst_overlap,20,1048576,8,8000000,67108864
worst_overlap,20,1048576,9,8192,65536
worst_overlap,20,1048576,9,1000000,8388608
worst_overlap,20,1048576,9,8000000,67108864
worst_overlap,20,1048576,10,8192,65536
worst_overlap,20,1048576,10,1000000,8388608
worst_overlap,20,1048576,10,8000000,67108864
worst_overlap,20,1048576,11,8192,131072
worst_overlap,20,1048576,11,1000000,8388608
worst_overlap,20,1048576,11,8000000,67108864
worst_overlap,20,1048576,12,8192,131072
worst_overlap,20,1048576,12,1000000,16777216
worst_overlap,20,1048576,12,8000000,134217728
worst_overlap,20,1048576,13,8192,131072
worst_overlap,20,1048576,13,1000000,16777216
worst_overlap,20,1048576,13,8000000,134217728
worst_overlap,20,1048576,14,8192,131072
worst_overlap,20,1048576,14,1000000,16777216
worst_overlap,20,1048576,14,8000000,134217728
worst_overlap,20,1048576,15,8192,131072
worst_overlap,20,1048576,15,1000000,16777216
worst_overlap,20,1048576,15,8000000,134217728
worst_overlap,20,1048576,16,8192,131072
worst_overlap,20,1048576,16,1000000,16777216
worst_overlap,20,1048576,16,8000000,134217728
worst_overlap,20,1048576,17,8192,131072
worst_overlap,20,1048576,17,1000000,16777216
worst_overlap,20,1048576,17,8000000,134217728
worst_overlap,20,1048576,18,8192,131072
worst_overlap,20,1048576,18,1000000,16777216
worst_overlap,20,1048576,18,8000000,134217728
worst_overlap,20,1048576,19,8192,131072
worst_overlap,20,1048576,19,1000000,16777216
worst_overlap,20,1048576,19,8000000,134217728
worst_overlap,20,1048576,20,8192,131072
worst_overlap,20,1048576,20,1000000,16777216
worst_overlap,20,1048576,20,8000000,134217728
worst_overlap,21,2097152,1,8192,32768
worst_overlap,21,2097152,1,1000000,4194304
worst_overlap,21,2097152,1,8000000,33554432
worst_overlap,21,2097152,2,8192,65536
worst_overlap,21,2097152,2,1000000,8388608
worst_overlap,21,2097152,2,8000000,67108864
worst_overlap,21,2097152,3,8192,65536
worst_overlap,21,2097152,3,1000000,8388608
worst_overlap,21,2097152,3,8000000,67108864
worst_overlap,21,2097152,4,8192,65536
worst_overlap,21,2097152,4,1000000,8388608
worst_overlap,21,2097152,4,8000000,67108864
worst_overlap,21,2097152,5,8192,65536
worst_overlap,21,2097152,5,1000000,8388608
worst_overlap,21,2097152,5,8000000,67108864
worst_overlap,21,2097152,6,8192,131072
worst_overlap,21,2097152,6,1000000,16777216
worst_overlap,21,2097152,6,8000000,134217728
worst_overlap,21,2097152,7,8192,131072
worst_overlap,21,2097152,7,1000000,16777216
worst_overlap,21,2097152,7,8000000,134217728
worst_overlap,21,2097152,8,8192,131072
worst_overlap,21,2097152,8,1000000,16777216
worst_overlap,21,2097152,8,8000000,134217728
worst_overlap,21,2097152,9,8192,131072
worst_overlap,21,2097152,9,1000000,16777216
worst_overlap,21,2097152,9,8000000,134217728
worst_overlap,21,2097152,10,8192,131072
worst_overlap,21,2097152,10,1000000,16777216
worst_overlap,21,2097152,10,8000000,134217728
worst_overlap,21,2097152,11,8192,131072
worst_overlap,21,2097152,11,1000000,16777216
worst_overlap,21,2097152,11,8000000,134217728
worst_overlap,21,2097152,12,8192,131072
worst_overlap,21,2097152,12,1000000,16777216
worst_overlap,21,2097152,12,8000000,134217728
worst_overlap,21,2097152,13,8192,131072
worst_overlap,21,2097152,13,1000000,16777216
worst_overlap,21,2097152,13,8000000,134217728
worst_overlap,21,2097152,14,8192,131072
worst_overlap,21,2097152,14,1000000,16777216
worst_overlap,21,2097152,14,8000000,134217728
worst_overlap,21,2097152,15,8192,131072
worst_overlap,21,2097152,15,1000000,16777216
worst_overlap,21,2097152,15,8000000,134217728
worst_overlap,21,2097152,16,8192,131072
worst_overlap,21,2097152,16,1000000,16777216
worst_overlap,21,2097152,16,8000000,134217728
worst_overlap,21,2097152,17,8192,131072
worst_overlap,21,2097152,17,1000000,16777216
worst_overlap,21,2097152,17,8000000,134217728
worst_overlap,21,2097152,18,8192,131072
worst_overlap,21,2097152,18,1000000,16777216
worst_overlap,21,2097152,18,8000000,134217728
worst_overlap,21,2097152,19,8192,131072
worst_overlap,21,2097152,19,1000000,16777216
worst_overlap,21,2097152,19,8000000,134217728
worst_overlap,21,2097152,20,8192,131072
worst_overlap,21,2097152,20,1000000,16777216
worst_overlap,21,2097152,20,8000000,134217728
worst_overlap,22,4194304,1,8192,65536
worst_overlap,22,4194304,1,1000000,8388608
worst_overlap,22,4194304,1,8000000,67108864
worst_overlap,22,4194304,2,8192,65536
worst_overlap,22,4194304,2,1000000,8388608
worst_overlap,22,4194304,2,8000000,67108864
worst_overlap,22,4194304,3,8192,131072
worst_overlap,22,4194304,3,1000000,16777216
worst_overlap,22,4194304,3,8000000,134217728
worst_overlap,22,4194304,4,8192,131072
worst_overlap,22,4194304,4,1000000,16777216
worst_overlap,22,4194304,4,8000000,134217728
worst_overlap,22,4194304,5,8192,131072
worst_overlap,22,4194304,5,1000000,16777216
worst_overlap,22,4194304,5,8000000,134217728
worst_overlap,22,4194304,6,8192,131072
worst_overlap,22,4194304,6,1000000,16777216
worst_overlap,22,4194304,6,8000000,134217728
worst_overlap,22,4194304,7,8192,131072
worst_overlap,22,4194304,7,1000000,16777216
worst_overlap,22,4194304,7,8000000,134217728
worst_overlap,22,4194304,8,8192,131072
worst_overlap,22,4194304,8,1000000,16777216
worst_overlap,22,4194304,8,8000000,134217728
worst_overlap,22,4194304,9,8192,131072
worst_overlap,22,4194304,9,1000000,16777216
worst_overlap,22,4194304,9,8000000,134217728
worst_overlap,22,4194304,10,8192,131072
worst_overlap,22,4194304,10,1000000,16777216
worst_overlap,22,4194304,10,8000000,134217728
worst_overlap,22,4194304,11,8192,262144
worst_overlap,22,4194304,11,1000000,16777216
worst_overlap,22,4194304,11,8000000,134217728
worst_overlap,22,4194304,12,8192,262144
worst_overlap,22,4194304,12,1000000,33554432
worst_overlap,22,4194304,12,8000000,268435456
worst_overlap,22,4194304,13,8192,262144
worst_overlap,22,4194304,13,1000000,33554432
worst_overlap,22,4194304,13,8000000,268435456
worst_overlap,22,4194304,14,8192,262144
worst_overlap,22,4194304,14,1000000,33554432
worst_overlap,22,4194304,14,8000000,268435456
worst_overlap,22,4194304,15,8192,262144
worst_overlap,22,4194304,15,1000000,33554432
worst_overlap,22,4194304,15,8000000,268435456
worst_overlap,22,4194304,16,8192,262144
worst_overlap,22,4194304,16,1000000,33554432
worst_overlap,22,4194304,16,8000000,268435456
worst_overlap,22,4194304,17,8192,262144
worst_overlap,22,4194304,17,1000000,33554432
worst_overlap,22,4194304,17,8000000,268435456
worst_overlap,22,4194304,18,8192,262144
worst_overlap,22,4194304,18,1000000,33554432
worst_overlap,22,4194304,18,8000000,268435456
worst_overlap,22,4194304,19,8192,262144
worst_overlap,22,4194304,19,1000000,33554432
worst_overlap,22,4194304,19,8000000,268435456
worst_overlap,22,4194304,20,8192,262144
worst_overlap,22,4194304,20,1000000,33554432
worst_overlap,22,4194304,20,8000000,268435456
worst_overlap,23,8388608,1,8192,65536
worst_overlap,23,8388608,1,1000000,8388608
worst_overlap,23,8388608,1,8000000,67108864
worst_overlap,23,8388608,2,8192,131072
worst_overlap,23,8388608,2,1000000,16777216
worst_overlap,23,8388608,2,8000000,134217728
worst_overlap,23,8388608,3,8192,131072
worst_overlap,23,8388608,3,1000000,16777216
worst_overlap,23,8388608,3,8000000,134217728
worst_overlap,23,8388608,4,8192,131072
worst_overlap,23,8388608,4,1000000,16777216
worst_overlap,23,8388608,4,8000000,134217728
worst_overlap,23,8388608,5,8192,131072
worst_overlap,23,8388608,5,1000000,16777216
worst_overlap,23,8388608,5,8000000,134217728
worst_overlap,23,8388608,6,8192,262144
worst_overlap,23,8388608,6,1000000,33554432
worst_overlap,23,8388608,6,8000000,268435456
worst_overlap,23,8388608,7,8192,262144
worst_overlap,23,8388608,7,1000000,33554432
worst_overlap,23,8388608,7,8000000,268435456
worst_overlap,23,8388608,8,8192,262144
worst_overlap,23,8388608,8,1000000,33554432
worst_overlap,23,8388608,8,8000000,268435456
worst_overlap,23,8388608,9,8192,262144
worst_overlap,23,8388608,9,1000000,33554432
worst_overlap,23,8388608,9,8000000,268435456
worst_overlap,23,8388608,10,8192,262144
worst_overlap,23,8388608,10,1000000,33554432
worst_overlap,23,8388608,10,8000000,268435456
worst_overlap,23,8388608,11,8192,262144
worst_overlap,23,8388608,11,1000000,33554432
worst_overlap,23,8388608,11,8000000,268435456
worst_overlap,23,8388608,12,8192,262144
worst_overlap,23,8388608,12,1000000,33554432
worst_overlap,23,8388608,12,8000000,268435456
worst_overlap,23,8388608,13,8192,262144
worst_overlap,23,8388608,13,1000000,33554432
worst_overlap,23,8388608,13,8000000,268435456
worst_overlap,23,8388608,14,8192,262144
worst_overlap,23,8388608,14,1000000,33554432
worst_overlap,23,8388608,14,8000000,268435456
worst_overlap,23,8388608,15,8192,262144
worst_overlap,23,8388608,15,1000000,33554432
worst_overlap,23,8388608,15,8000000,268435456
worst_overlap,23,8388608,16,8192,262144
worst_overlap,23,8388608,16,1000000,33554432
worst_overlap,23,8388608,16,8000000,268435456
worst_overlap,23,8388608,17,8192,262144
worst_overlap,23,8388608,17,1000000,33554432
worst_overlap,23,8388608,17,8000000,268435456
worst_overlap,23,8388608,18,8192,262144
worst_overlap,23,8388608,18,1000000,33554432
worst_overlap,23,8388608,18,8000000,268435456
worst_overlap,23,8388608,19,8192,262144
worst_overlap,23,8388608,19,1000000,33554432
worst_overlap,23,8388608,19,8000000,268435456
worst_overlap,23,8388608,20,8192,262144
worst_overlap,23,8388608,20,1000000,33554432
worst_overlap,23,8388608,20,8000000,268435456
worst_overlap,24,16777216,1,8192,131072
worst_overlap,24,16777216,1,1000000,16777216
worst_overlap,24,16777216,1,8000000,134217728
worst_overlap,24,16777216,2,8192,131072
worst_overlap,24,16777216,2,1000000,16777216
worst_overlap,24,16777216,2,8000000,134217728
worst_overlap,24,16777216,3,8192,262144
worst_overlap,24,16777216,3,1000000,33554432
worst_overlap,24,16777216,3,8000000,268435456
worst_overlap,24,16777216,4,8192,262144
worst_overlap,24,16777216,4,1000000,33554432
worst_overlap,24,16777216,4,8000000,268435456
worst_overlap,24,16777216,5,8192,262144
worst_overlap,24,16777216,5,1000000,33554432
worst_overlap,24,16777216,5,8000000,268435456
worst_overlap,24,16777216,6,8192,262144
worst_overlap,24,16777216,6,1000000,33554432
worst_overlap,24,16777216,6,8000000,268435456
worst_overlap,24,16777216,7,8192,262144
worst_overlap,24,16777216,7,1000000,33554432
worst_overlap,24,16777216,7,8000000,268435456
worst_overlap,24,16777216,8,8192,262144
worst_overlap,24,16777216,8,1000000,33554432
worst_overlap,24,16777216,8,8000000,268435456
worst_overlap,24,16777216,9,8192,262144
worst_overlap,24,16777216,9,1000000,33554432
worst_overlap,24,16777216,9,8000000,268435456
worst_overlap,24,16777216,10,8192,262144
worst_overlap,24,16777216,10,1000000,33554432
worst_overlap,24,16777216,10,8000000,268435456
worst_overlap,24,16777216,11,8192,524288
worst_overlap,24,16777216,11,1000000,33554432
worst_overlap,24,16777216,11,8000000,268435456
worst_overlap,24,16777216,12,8192,524288
worst_overlap,24,16777216,12,1000000,67108864
worst_overlap,24,16777216,12,8000000,536870912
worst_overlap,24,16777216,13,8192,524288
worst_overlap,24,16777216,13,1000000,67108864
worst_overlap,24,16777216,13,8000000,536870912
worst_overlap,24,16777216,14,8192,524288
worst_overlap,24,16777216,14,1000000,67108864
worst_overlap,24,16777216,14,8000000,536870912
worst_overlap,24,16777216,15,8192,524288
worst_overlap,24,16777216,15,1000000,67108864
worst_overlap,24,16777216,15,8000000,536870912
worst_overlap,24,16777216,16,8192,524288
worst_overlap,24,16777216,16,1000000,67108864
worst_overlap,24,16777216,16,8000000,536870912
worst_overlap,24,16777216,17,8192,524288
worst_overlap,24,16777216,17,1000000,67108864
worst_overlap,24,16777216,17,8000000,536870912
worst_overlap,24,16777216,18,8192,524288
worst_overlap,24,16777216,18,1000000,67108864
worst_overlap,24,16777216,18,8000000,536870912
worst_overlap,24,16777216,19,8192,524288
worst_overlap,24,16777216,19,1000000,67108864
worst_overlap,24,16777216,19,8000000,536870912
worst_overlap,24,16777216,20,8192,524288
worst_overlap,24,16777216,20,1000000,67108864
worst_overlap,24,16777216,20,8000000,536870912
